<?xml version="1.0" encoding="UTF-8"?>
<beans xmlns="http://www.springframework.org/schema/beans"
       xmlns:xsi="http://www.w3.org/2001/XMLSchema-instance"
       xmlns:p="http://www.springframework.org/schema/p"
       xmlns:aop="http://www.springframework.org/schema/aop"
       xmlns:context="http://www.springframework.org/schema/context"
       xmlns:jee="http://www.springframework.org/schema/jee"
       xmlns:tx="http://www.springframework.org/schema/tx"
       xsi:schemaLocation="
        http://www.springframework.org/schema/aop http://www.springframework.org/schema/aop/spring-aop-4.0.xsd
        http://www.springframework.org/schema/beans http://www.springframework.org/schema/beans/spring-beans-4.0.xsd
        http://www.springframework.org/schema/context http://www.springframework.org/schema/context/spring-context-4.0.xsd
        http://www.springframework.org/schema/jee http://www.springframework.org/schema/jee/spring-jee-4.0.xsd
        http://www.springframework.org/schema/tx http://www.springframework.org/schema/tx/spring-tx-4.0.xsd">

    <!-- 加载数据库参数 -->
    <context:property-placeholder location="classpath:conf/jdbc.properties"/>
    <context:component-scan base-package="com.ldu.service.impl"/>
    <bean id = "dataSource" class = "com.alibaba.druid.pool.DruidDataSource" destroy-method = "close">
        <!-- 数据库基本信息配置 -->
               <property name = "url" value = "${druid.url}" />
        <property name = "username" value = "${druid.username}" />
        <property name = "password" value = "${druid.password}" />
        <property name = "driverClassName" value = "${druid.driverClassName}" />
        <property name = "filters" value = "${druid.filters}" />

        <!-- 最大并发连接数 -->
        <property name = "maxActive" value = "${druid.maxActive}" />

        <!-- 初始化连接数量 -->
        <property name = "initialSize" value = "${druid.initialSize}" />

        <!-- 配置获取连接等待超时的时间 -->
        <property name = "maxWait" value = "${druid.maxWait}" />

        <!-- 最小空闲连接数 -->
        <property name = "minIdle" value = "${druid.minIdle}" />

        <!-- 配置间隔多久才进行一次检测，检测需要关闭的空闲连接，单位是毫秒 -->
        <property name = "timeBetweenEvictionRunsMillis" value ="${druid.timeBetweenEvictionRunsMillis}" />

        <!-- 配置一个连接在池中最小生存的时间，单位是毫秒 -->
        <property name = "minEvictableIdleTimeMillis" value ="${druid.minEvictableIdleTimeMillis}" />
        <property name = "validationQuery" value = "${druid.validationQuery}" />
        <property name = "testWhileIdle" value = "${druid.testWhileIdle}" />
        <property name = "testOnBorrow" value = "${druid.testOnBorrow}" />
        <property name = "testOnReturn" value = "${druid.testOnReturn}" />
        <property name = "maxOpenPreparedStatements" value ="${druid.maxOpenPreparedStatements}" />

        <!-- 打开 removeAbandoned 功能 -->
        <property name = "removeAbandoned" value = "${druid.removeAbandoned}" />

        <!-- 1800 秒，也就是 30 分钟 -->
        <property name = "removeAbandonedTimeout" value ="${druid.removeAbandonedTimeout}" />

        <!-- 关闭 abanded 连接时输出错误日志 -->
        <property name = "logAbandoned" value = "${druid.logAbandoned}" />
    </bean>
    <!-- 配置MyBatis的sqlSessionFactory -->
    <bean id="sqlSessionFactory" class="org.mybatis.spring.SqlSessionFactoryBean">
        <property name="dataSource" ref="dataSource"></property>
        <property name="configLocation" value="classpath:conf/mybatis-config.xml"></property>
        <property name="mapperLocations" value="classpath:mapper/*.xml"></property>
    </bean>
    <!-- Mapper接口所在包名，Spring会自动查找其下的Mapper  -->
    <bean class="org.mybatis.spring.mapper.MapperScannerConfigurer">
        <property name="basePackage" value="com.ldu.dao"></property>
        <property name="sqlSessionFactoryBeanName" value="sqlSessionFactory"></property>
    </bean>
    <!-- 配置transactionManager事务管理器 -->
    <bean id="transactionManager" class="org.springframework.jdbc.datasource.DataSourceTransactionManager">
        <property name="dataSource" ref="dataSource"></property>
    </bean>
    <!-- 配置事物通知属性 -->
    <tx:advice id="txAdvice" transaction-manager="transactionManager">
        <!-- 定义事物传播特性 -->
        <tx:attributes>
            <tx:method name="insert" propagation="REQUIRED"/>
            <tx:method name="update*" propagation="REQUIRED" />
            <tx:method name="edit*" propagation="REQUIRED" />
            <tx:method name="save*" propagation="REQUIRED" />
            <tx:method name="add*" propagation="REQUIRED" />
            <tx:method name="new*" propagation="REQUIRED" />
            <tx:method name="set*" propagation="REQUIRED" />
            <tx:method name="remove*" propagation="REQUIRED" />
            <tx:method name="delete*" propagation="REQUIRED" />
            <tx:method name="change*" propagation="REQUIRED" />
            <tx:method name="check*" propagation="REQUIRED" />
            <tx:method name="get*" propagation="REQUIRED" read-only="true" />
            <tx:method name="find*" propagation="REQUIRED" read-only="true" />
            <tx:method name="load*" propagation="REQUIRED" read-only="true" />
            <tx:method name="*" propagation="REQUIRED" read-only="true" />
        </tx:attributes>
    </tx:advice>

    <!-- 配置事物切面 -->
    <aop:config>
        <aop:pointcut expression="execution(* com.ldu.service.*.*(..))" id="serviceOperation"/>
        <aop:advisor advice-ref="txAdvice" pointcut-ref="serviceOperation"/>
    </aop:config>
</beans>