<?xml version="1.0" encoding="UTF-8" ?>
<!DOCTYPE mapper PUBLIC "-//mybatis.org//DTD Mapper 3.0//EN" "http://mybatis.org/dtd/mybatis-3-mapper.dtd" >
<mapper namespace="com.ldu.dao.AdminMapper" >
  <resultMap id="BaseResultMap" type="com.ldu.pojo.Admin" >
    <id column="id" property="id" jdbcType="INTEGER" />
    <result column="username" property="userName" jdbcType="VARCHAR" />
    <result column="phone" property="phone" jdbcType="BIGINT" />
    <result column="password" property="password" jdbcType="VARCHAR" />
    <result column="userRole" property="userRole" jdbcType="VARCHAR" />
    
  </resultMap>
  
  
   <select id="findAdmin" resultMap="BaseResultMap">
	select * from admin where phone=#{0} and password=#{1};
	</select>
	
	<select id="findAdminById" resultMap="BaseResultMap">
	select * from admin where id=#{id,jdbcType=INTEGER};
	</select>
	
	<update id="updateAdmin" >
    update admin set password=#{password,jdbcType=VARCHAR} where id=#{id,jdbcType=INTEGER}
  	</update>
 
   
</mapper>