<?xml version="1.0" encoding="UTF-8" ?>
<!DOCTYPE mapper PUBLIC "-//mybatis.org//DTD Mapper 3.0//EN" "http://mybatis.org/dtd/mybatis-3-mapper.dtd" >
<mapper namespace="com.ldu.dao.NoticeMapper" >
	<resultMap id="BaseResultMap" type="com.ldu.pojo.Notice" >
	  <id column="id" property="id" jdbcType="INTEGER" />
	  <result column="create_at" property="createAt" jdbcType="VARCHAR" />
	  <result column="context" property="context" jdbcType="LONGVARCHAR" />
	  <result column="status" property="status" jdbcType="TINYINT" />
	  <association property="user"  javaType="com.ldu.pojo.User" resultMap="userMap"/>
	</resultMap>
	<resultMap id="userMap" type="com.ldu.pojo.User" >
	   <id column="id" property="id" jdbcType="INTEGER" />
	   <result column="phone" property="phone" jdbcType="CHAR" />
	   <result column="username" property="username" jdbcType="VARCHAR" />
	   <result column="password" property="password" jdbcType="CHAR" />
	   <result column="QQ" property="qq" jdbcType="VARCHAR" />
	   <result column="ucreate_at" property="createAt" jdbcType="VARCHAR" />
	   <result column="goods_num" property="goodsNum" jdbcType="INTEGER" />
	   <result column="power" property="power" jdbcType="INTEGER" />
	   <result column="last_login" property="lastLogin" jdbcType="VARCHAR" />
	   <result column="status" property="status" jdbcType="TINYINT" />
	</resultMap>
  <select id="getNoticeList" resultMap="BaseResultMap">
     select * from notice n,user u where n.user_id=u.id order by n.create_at desc
  </select>
   <insert id="insertSelective" parameterType="com.ldu.pojo.Notice" >
	 insert into notice(id,user_id,create_at,context,status) values(#{id},#{user.id},#{createAt},#{context},#{status})
  </insert>
  <!-- <delete id="deleteByPrimaryKey" parameterType="java.lang.Integer" >
    delete from notice
    where id = #{id,jdbcType=INTEGER}
  </delete>
  <insert id="insert" parameterType="com.ldu.pojo.Notice" >
    insert into notice (id, user_id, create_at, 
      status, context)
    values (#{id,jdbcType=INTEGER}, #{userId,jdbcType=INTEGER}, #{createAt,jdbcType=VARCHAR}, 
      #{status,jdbcType=TINYINT}, #{context,jdbcType=LONGVARCHAR})
  </insert>
  <insert id="insertSelective" parameterType="com.ldu.pojo.Notice" >
    insert into notice
    <trim prefix="(" suffix=")" suffixOverrides="," >
      <if test="id != null" >
        id,
      </if>
      <if test="userId != null" >
        user_id,
      </if>
      <if test="createAt != null" >
        create_at,
      </if>
      <if test="status != null" >
        status,
      </if>
      <if test="context != null" >
        context,
      </if>
    </trim>
    <trim prefix="values (" suffix=")" suffixOverrides="," >
      <if test="id != null" >
        #{id,jdbcType=INTEGER},
      </if>
      <if test="userId != null" >
        #{userId,jdbcType=INTEGER},
      </if>
      <if test="createAt != null" >
        #{createAt,jdbcType=VARCHAR},
      </if>
      <if test="status != null" >
        #{status,jdbcType=TINYINT},
      </if>
      <if test="context != null" >
        #{context,jdbcType=LONGVARCHAR},
      </if>
    </trim>
  </insert>
  <update id="updateByPrimaryKeySelective" parameterType="com.ldu.pojo.Notice" >
    update notice
    <set >
      <if test="userId != null" >
        user_id = #{userId,jdbcType=INTEGER},
      </if>
      <if test="createAt != null" >
        create_at = #{createAt,jdbcType=VARCHAR},
      </if>
      <if test="status != null" >
        status = #{status,jdbcType=TINYINT},
      </if>
      <if test="context != null" >
        context = #{context,jdbcType=LONGVARCHAR},
      </if>
    </set>
    where id = #{id,jdbcType=INTEGER}
  </update>
  <update id="updateByPrimaryKeyWithBLOBs" parameterType="com.ldu.pojo.Notice" >
    update notice
    set user_id = #{userId,jdbcType=INTEGER},
      create_at = #{createAt,jdbcType=VARCHAR},
      status = #{status,jdbcType=TINYINT},
      context = #{context,jdbcType=LONGVARCHAR}
    where id = #{id,jdbcType=INTEGER}
  </update>
  <update id="updateByPrimaryKey" parameterType="com.ldu.pojo.Notice" >
    update notice
    set user_id = #{userId,jdbcType=INTEGER},
      create_at = #{createAt,jdbcType=VARCHAR},
      status = #{status,jdbcType=TINYINT}
    where id = #{id,jdbcType=INTEGER}
  </update> -->
</mapper>